{
  "deviceType": {
    "label": "CONNECTEDLAP",
    "category": "virtual",
    "downloadAgentUri": "CONNECTEDLAP/enrollment/devices/download"
  },
  "analyticStreams": [
    {
      "name": "Temperature",
      "table": "DEVICE_CONNECTEDLAP_CONNECTEDLAP_SUMMARY",
      "ui_unit": {
        "name": "cdmf.unit.analytics.line-chart",
        "data":[
          {"column": {"name":"TIME", "label":"time", "ui-mapping":"x-axis"}},
          {"column": {"name":"CONNECTEDLAP", "label":"CONNECTEDLAP", "ui-mapping":"y-axis"}}
        ]
      }
    }
  ]
}