<?xml version="1.0" encoding="UTF-8" standalone="no"?>
<feature id="org.wso2.connectedlap" label="org.wso2.connectedlap.feature" provider-name="%providerName" version="1.0.0.SNAPSHOT">
  <description>WSO2 is an open source application development software company focused on providing service-oriented
        architecture solutions for professional developers.</description>
  <copyright>%copyright</copyright>
  <license url="%licenseURL">%license</license>
  <plugin id="org.wso2.connectedlap.plugin" unpack="false" version="1.0.0.SNAPSHOT"/>
  <require>
    <import feature="org.wso2.carbon.device.mgt.server" match="equivalent" version="1.1.0"/>
    <import feature="org.wso2.carbon.core.server" match="equivalent" version="4.4.3"/>
  </require>
</feature>
